{"cameraMode":{"drawMode":0,"name":"Shaded","section":"Shading Mode"},"sceneLighting":true,"audioPlay":false,"sceneViewState":{"showFog":true,"showMaterialUpdate":false,"showSkybox":true,"showFlares":true,"showImageEffects":true,"showParticleSystems":true},"in2DMode":false,"pivot":{"x":-8.192638397216797,"y":1.1396260261535645,"z":-3.9418702125549318},"rotation":{"x":0.19453561305999757,"y":0.6270824074745178,"z":-0.16559216380119325,"w":0.7359893918037415},"size":2.5349009037017824,"orthographic":false}