{"cameraMode":{"drawMode":0,"name":"Shaded","section":"Shading Mode"},"sceneLighting":true,"audioPlay":false,"sceneViewState":{"showFog":true,"showMaterialUpdate":false,"showSkybox":true,"showFlares":true,"showImageEffects":true,"showParticleSystems":true},"in2DMode":false,"pivot":{"x":-0.018871966749429704,"y":1.3581150770187379,"z":-10.368499755859375},"rotation":{"x":0.079726941883564,"y":-0.002994874957948923,"z":0.00025894760619848967,"w":0.996842622756958},"size":0.03336000442504883,"orthographic":false}